UserID,FirstName,LastName,Type,Email,Phone,Status,
U001,Emily,Johnson,Student,emily.j@webster.edu,314-555-1234,Active,
U002,Michael,Rodriguez,Faculty,m.rodriguez@webster.edu,314-555-5678,Active,
U003,Sarah,Kim,Staff,sarah.kim@webster.edu,314-555-9012,Active,
U004,David,Patel,Student,david@webster.edu,314-555-3456,Active,
U005,Jessica,Thompson,Faculty,j.thompson@webster.edu,314-358-7890,Inactive,
U006,Robert,Garcia,Student,robert.g@webster.edu,314-555-2345,Active,
U007,Amanda,Wong,Staff,amandawong@webster.edu,314-358-8901,Active,
U008,Thomas,Brown,Faculty,thomasbrown@webster.edu,314-555-3210,Active,
U009,Jennifer,Lee,Student,jenniferlee@webster.edu,314-358-0685,Inactive,
U010,Carlos,Martinez,Staff,carlosmartinez@webster.edu,314-358-7654,Active,
U011,Sophia,Davis,Student,sophiadavid@webster.edu,314-555-9876,Active,
U012,Kevin,Nguyen,Student,kevinnguyd@webster.edu,314-555-6789,Active,
U013,Daniel,Taylor,Staff,danieltayld@webster.edu,314-555-5540,Active,
U014,Rachel,KIm,Student,rachelkid@webster.edu,314-358-0688,Active,
U015,Maria,Lopez,Student,marialoped@webster.edu,314-555-0147,Active,
U016,Noah,Wilson,Student,noah.wilson16@webster.edu,314-555-9873,Inactive,
U017,Lucas,Parker,Student,lucas.parker17@webster.edu,314-555-9039,Active,
U018,Ella,Nelson,Staff,ella.nelson18@webster.edu,314-555-6173,Active,
U019,Grace,Hall,Student,grace.hall19@webster.edu,314-555-9584,Active,
U020,Harper,Edwards,Student,harper.edwards20@webster.edu,314-555-9750,Active,
U021,Nora,Scott,Student,nora.scott21@webster.edu,314-555-4622,Active,
U022,Sophia,Johnson,Student,sophia.johnson22@webster.edu,314-555-5482,Active,
U023,Noah,Parker,Student,noah.parker23@webster.edu,314-555-1301,Inactive,
U024,Noah,Smith,Student,noah.smith24@webster.edu,314-555-4123,Inactive,
U025,Amelia,Allen,Faculty,amelia.allen25@webster.edu,314-555-4924,Active,
U026,Evelyn,Wilson,Student,evelyn.wilson26@webster.edu,314-555-1549,Active,
U027,Leo,King,Faculty,leo.king27@webster.edu,314-555-4318,Active,
U028,Liam,Nelson,Student,liam.nelson28@webster.edu,314-555-2938,Active,
U029,Amelia,Edwards,Student,amelia.edwards29@webster.edu,314-555-5756,Active,
U030,Elijah,Turner,Student,elijah.turner30@webster.edu,314-555-4176,Active,
U031,Scarlett,Young,Student,scarlett.young31@webster.edu,314-555-9498,Active,
U032,Emma,Hill,Faculty,emma.hill32@webster.edu,314-555-2747,Active,
U033,Isabella,Evans,Student,isabella.evans33@webster.edu,314-555-9198,Active,
U034,Liam,Parker,Student,liam.parker34@webster.edu,314-555-3328,Active,
U035,Jack,Wilson,Student,jack.wilson35@webster.edu,314-555-5498,Active,
U036,Abigail,Baker,Student,abigail.baker36@webster.edu,314-555-9256,Active,
U037,Grace,Hall,Student,grace.hall37@webster.edu,314-555-5531,Active,
U038,Evelyn,Parker,Student,evelyn.parker38@webster.edu,314-555-3715,Active,
U039,Lucas,Walker,Student,lucas.walker39@webster.edu,314-555-6572,Active,
U040,Mia,Smith,Student,mia.smith40@webster.edu,314-555-7794,Active,
U041,Aiden,Adams,Student,aiden.adams41@webster.edu,314-555-8630,Active,
U042,Elijah,Young,Student,elijah.young42@webster.edu,314-555-7454,Active,
U043,James,Walker,Student,james.walker43@webster.edu,314-555-5355,Active,
U044,Isabella,Smith,Student,isabella.smith44@webster.edu,314-555-8783,Inactive,
U045,Nora,Nelson,Student,nora.nelson45@webster.edu,314-555-5839,Active,
U046,Ava,Scott,Student,ava.scott46@webster.edu,314-555-8592,Active,
U047,Scarlett,Evans,Faculty,scarlett.evans47@webster.edu,314-555-4513,Active,
U048,Aiden,Johnson,Student,aiden.johnson48@webster.edu,314-555-4372,Active,
U049,Sophia,Parker,Student,sophia.parker49@webster.edu,314-555-7254,Active,
U050,Liam,Collins,Student,liam.collins50@webster.edu,314-555-1545,Active,
U051,Daniel,Wilson,Student,daniel.wilson51@webster.edu,314-555-2239,Inactive,
U052,Nora,Davis,Student,nora.davis52@webster.edu,314-555-6871,Inactive,
U053,Abigail,Hall,Staff,abigail.hall53@webster.edu,314-555-9906,Active,
U054,Ella,Scott,Student,ella.scott54@webster.edu,314-555-9991,Active,
U055,Mason,Green,Student,mason.green55@webster.edu,314-555-7013,Active,
U056,Scarlett,Edwards,Student,scarlett.edwards56@webster.edu,314-555-2972,Active,
U057,Liam,Turner,Student,liam.turner57@webster.edu,314-555-4696,Active,
U058,Elijah,Wilson,Student,elijah.wilson58@webster.edu,314-555-8914,Inactive,
U059,Emma,Walker,Student,emma.walker59@webster.edu,314-555-2839,Active,
U060,Liam,King,Student,liam.king60@webster.edu,314-555-8514,Active,
U061,Scarlett,Wilson,Student,scarlett.wilson61@webster.edu,314-555-1657,Active,
U062,Ella,Evans,Student,ella.evans62@webster.edu,314-555-1873,Active,
U063,Ava,Baker,Student,ava.baker63@webster.edu,314-555-7651,Active,
U064,Noah,Parker,Student,noah.parker64@webster.edu,314-555-2211,Active,
U065,Scarlett,Allen,Faculty,scarlett.allen65@webster.edu,314-555-2503,Active,
U066,Logan,Allen,Student,logan.allen66@webster.edu,314-555-7785,Active,
U067,Noah,Adams,Student,noah.adams67@webster.edu,314-555-1777,Active,
U068,Emma,Smith,Student,emma.smith68@webster.edu,314-555-4708,Active,
U069,Mason,Clark,Student,mason.clark69@webster.edu,314-555-9266,Active,
U070,Evelyn,Brown,Student,evelyn.brown70@webster.edu,314-555-6866,Active,
U071,Mason,Edwards,Student,mason.edwards71@webster.edu,314-555-9911,Inactive,
U072,James,Adams,Student,james.adams72@webster.edu,314-555-4562,Active,
U073,Emma,Martinez,Student,emma.martinez73@webster.edu,314-555-5341,Active,
U074,Scarlett,Parker,Student,scarlett.parker74@webster.edu,314-555-3999,Active,
U075,Ella,Lewis,Faculty,ella.lewis75@webster.edu,314-555-1970,Active,
U076,James,Parker,Student,james.parker76@webster.edu,314-555-1177,Inactive,
U077,Grace,Walker,Student,grace.walker77@webster.edu,314-555-4682,Active,
U078,Nora,Smith,Faculty,nora.smith78@webster.edu,314-555-4004,Active,
U079,Liam,Adams,Student,liam.adams79@webster.edu,314-555-1305,Active,
U080,Evelyn,Hill,Student,evelyn.hill80@webster.edu,314-555-4042,Active,
U081,Mia,Brown,Faculty,mia.brown81@webster.edu,314-555-3607,Active,
U082,Scarlett,Walker,Student,scarlett.walker82@webster.edu,314-555-1182,Active,
U083,Logan,Johnson,Student,logan.johnson83@webster.edu,314-555-8256,Active,
U084,Mia,Lewis,Student,mia.lewis84@webster.edu,314-555-9436,Active,
U085,Isabella,Walker,Student,isabella.walker85@webster.edu,314-555-9407,Active,
U086,Lucas,Hall,Student,lucas.hall86@webster.edu,314-555-1295,Active,
U087,Noah,Wilson,Student,noah.wilson87@webster.edu,314-555-2895,Active,
U088,Harper,Edwards,Student,harper.edwards88@webster.edu,314-555-9898,Active,
U089,Ava,Scott,Student,ava.scott89@webster.edu,314-555-2758,Active,
U090,Elijah,Lewis,Student,elijah.lewis90@webster.edu,314-555-6359,Active,
U091,Sophia,Evans,Faculty,sophia.evans91@webster.edu,314-555-5991,Active,
U092,Ethan,Green,Student,ethan.green92@webster.edu,314-555-7201,Active,
U093,Ella,Edwards,Student,ella.edwards93@webster.edu,314-555-1840,Active,
U094,Henry,Evans,Student,henry.evans94@webster.edu,314-555-9934,Inactive,
U095,Lucas,Scott,Student,lucas.scott95@webster.edu,314-555-8964,Active,
U096,Isabella,Baker,Student,isabella.baker96@webster.edu,314-555-8940,Active,
U097,Leo,Parker,Student,leo.parker97@webster.edu,314-555-7829,Active,
U098,Ella,Clark,Student,ella.clark98@webster.edu,314-555-7723,Active,
U099,Abigail,Edwards,Staff,abigail.edwards99@webster.edu,314-555-2127,Active,
U100,Abigail,Scott,Staff,abigail.scott100@webster.edu,314-555-3710,Active,
U101,Amelia,Johnson,Student,amelia.johnson101@webster.edu,314-555-2561,Active,
U102,James,Turner,Faculty,james.turner102@webster.edu,314-555-5959,Active,
U103,Olivia,Evans,Faculty,olivia.evans103@webster.edu,314-555-8555,Active,
U104,Isabella,Collins,Student,isabella.collins104@webster.edu,314-555-6539,Inactive,
U105,Daniel,Edwards,Student,daniel.edwards105@webster.edu,314-555-5672,Inactive,
U106,Olivia,Green,Student,olivia.green106@webster.edu,314-555-7230,Active,
U107,Ava,Clark,Student,ava.clark107@webster.edu,314-555-5418,Inactive,
U108,Logan,Young,Student,logan.young108@webster.edu,314-555-6616,Active,
U109,Leo,Collins,Student,leo.collins109@webster.edu,314-555-2503,Active,
U110,Scarlett,Turner,Student,scarlett.turner110@webster.edu,314-555-6629,Active,
U111,Mia,Parker,Student,mia.parker111@webster.edu,314-555-4743,Inactive,
U112,Isabella,Scott,Student,isabella.scott112@webster.edu,314-555-9358,Active,
U113,Benjamin,Davis,Faculty,benjamin.davis113@webster.edu,314-555-9379,Active,
U114,Ethan,Collins,Student,ethan.collins114@webster.edu,314-555-6535,Active,
U115,Noah,Garcia,Student,noah.garcia115@webster.edu,314-555-5577,Active,
U116,Sophia,Wilson,Faculty,sophia.wilson116@webster.edu,314-555-7351,Active,
U117,Nora,Allen,Student,nora.allen117@webster.edu,314-555-8807,Inactive,
U118,Amelia,Nelson,Student,amelia.nelson118@webster.edu,314-555-4520,Active,
U119,Daniel,Garcia,Staff,daniel.garcia119@webster.edu,314-555-3882,Inactive,
U120,Leo,Edwards,Student,leo.edwards120@webster.edu,314-555-6087,Active,
U121,Isabella,Clark,Student,isabella.clark121@webster.edu,314-555-6641,Active,
U122,Lucas,Baker,Faculty,lucas.baker122@webster.edu,314-555-8996,Active,
U123,Daniel,Davis,Student,daniel.davis123@webster.edu,314-555-7384,Active,
U124,Ava,Martinez,Student,ava.martinez124@webster.edu,314-555-6969,Active,
U125,Liam,Adams,Student,liam.adams125@webster.edu,314-555-3023,Active,
U126,Jack,Adams,Student,jack.adams126@webster.edu,314-555-4156,Active,
U127,Isabella,Collins,Staff,isabella.collins127@webster.edu,314-555-4962,Active,
U128,Mia,King,Faculty,mia.king128@webster.edu,314-555-9549,Active,
U129,Evelyn,Nelson,Student,evelyn.nelson129@webster.edu,314-555-6203,Active,
U130,Elijah,Collins,Student,elijah.collins130@webster.edu,314-555-6704,Active,
U131,Emma,King,Student,emma.king131@webster.edu,314-555-2518,Active,
U132,Lucas,Adams,Student,lucas.adams132@webster.edu,314-555-6325,Active,
U133,Abigail,Parker,Staff,abigail.parker133@webster.edu,314-555-5884,Active,
U134,Amelia,Walker,Student,amelia.walker134@webster.edu,314-555-6564,Active,
U135,Victoria,Walker,Faculty,victoria.walker135@webster.edu,314-555-3656,Active,
U136,Noah,Young,Student,noah.young136@webster.edu,314-555-2009,Active,
U137,Charlotte,Allen,Student,charlotte.allen137@webster.edu,314-555-2649,Inactive,
U138,Elijah,Baker,Staff,elijah.baker138@webster.edu,314-555-4720,Active,
U139,Benjamin,Lewis,Student,benjamin.lewis139@webster.edu,314-555-1927,Inactive,
U140,Elijah,Martinez,Student,elijah.martinez140@webster.edu,314-555-4838,Inactive,
U141,Olivia,Smith,Faculty,olivia.smith141@webster.edu,314-555-8591,Active,
U142,Liam,Evans,Student,liam.evans142@webster.edu,314-555-6659,Active,
U143,Amelia,Brown,Student,amelia.brown143@webster.edu,314-555-5482,Active,
U144,Harper,Allen,Student,harper.allen144@webster.edu,314-555-2937,Active,
U145,Grace,Walker,Faculty,grace.walker145@webster.edu,314-555-5975,Inactive,
U146,Grace,Edwards,Student,grace.edwards146@webster.edu,314-555-8711,Active,
U147,Abigail,Collins,Student,abigail.collins147@webster.edu,314-555-6560,Inactive,
U148,James,Parker,Student,james.parker148@webster.edu,314-555-5494,Active,
U149,Nora,Green,Student,nora.green149@webster.edu,314-555-7574,Active,
U150,Logan,Nelson,Student,logan.nelson150@webster.edu,314-555-6208,Active,
U151,Amelia,Wilson,Student,amelia.wilson151@webster.edu,314-555-9136,Active,
U152,Lucas,Hall,Student,lucas.hall152@webster.edu,314-555-4936,Active,
U153,Olivia,Edwards,Student,olivia.edwards153@webster.edu,314-555-6942,Active,
U154,Logan,Walker,Student,logan.walker154@webster.edu,314-555-3479,Active,
U155,Emma,Garcia,Student,emma.garcia155@webster.edu,314-555-3484,Active,
U156,Logan,Martinez,Staff,logan.martinez156@webster.edu,314-555-8670,Active,
U157,Sophia,Evans,Student,sophia.evans157@webster.edu,314-555-8025,Active,
U158,Elijah,Martinez,Student,elijah.martinez158@webster.edu,314-555-5020,Inactive,
U159,Elijah,King,Staff,elijah.king159@webster.edu,314-555-8806,Active,
U160,Sophia,Hall,Student,sophia.hall160@webster.edu,314-555-6673,Active,
U161,Amelia,King,Staff,amelia.king161@webster.edu,314-555-6871,Active,
U162,Ella,Brown,Staff,ella.brown162@webster.edu,314-555-9136,Active,
U163,Victoria,Hill,Student,victoria.hill163@webster.edu,314-555-3166,Inactive,
U164,Henry,Green,Student,henry.green164@webster.edu,314-555-2648,Inactive,
U165,Liam,King,Faculty,liam.king165@webster.edu,314-555-7578,Active,
U166,Emma,King,Student,emma.king166@webster.edu,314-555-5005,Active,
U167,Liam,Clark,Student,liam.clark167@webster.edu,314-555-2751,Active,
U168,Ava,Young,Student,ava.young168@webster.edu,314-555-3778,Active,
U169,Ava,Young,Student,ava.young169@webster.edu,314-555-8669,Active,
U170,Ella,Davis,Student,ella.davis170@webster.edu,314-555-6703,Active,
U171,Nora,Evans,Staff,nora.evans171@webster.edu,314-555-1948,Active,
U172,Liam,Clark,Student,liam.clark172@webster.edu,314-555-2555,Active,
U173,Lucas,Allen,Student,lucas.allen173@webster.edu,314-555-5360,Active,
U174,Amelia,Martinez,Student,amelia.martinez174@webster.edu,314-555-2596,Active,
U175,Isabella,Garcia,Faculty,isabella.garcia175@webster.edu,314-555-8807,Active,
U176,Liam,Young,Faculty,liam.young176@webster.edu,314-555-1505,Active,
U177,Mason,Walker,Student,mason.walker177@webster.edu,314-555-7023,Active,
U178,Isabella,Smith,Student,isabella.smith178@webster.edu,314-555-6905,Active,
U179,Ava,Young,Student,ava.young179@webster.edu,314-555-9192,Active,
U180,Ava,Nelson,Faculty,ava.nelson180@webster.edu,314-555-7348,Active,
U181,Ella,Garcia,Student,ella.garcia181@webster.edu,314-555-3026,Active,
U182,Nora,Hall,Student,nora.hall182@webster.edu,314-555-6392,Active,
U183,Nora,Collins,Student,nora.collins183@webster.edu,314-555-3946,Active,
U184,Aiden,Martinez,Faculty,aiden.martinez184@webster.edu,314-555-4994,Active,
U185,Henry,Wilson,Student,henry.wilson185@webster.edu,314-555-4722,Active,
U186,Logan,Nelson,Faculty,logan.nelson186@webster.edu,314-555-5013,Active,
U187,Ethan,Edwards,Staff,ethan.edwards187@webster.edu,314-555-2879,Active,
U188,Evelyn,Johnson,Student,evelyn.johnson188@webster.edu,314-555-8936,Active,
U189,Leo,Parker,Student,leo.parker189@webster.edu,314-555-2114,Active,
U190,Daniel,Wilson,Student,daniel.wilson190@webster.edu,314-555-8740,Active,
U191,Isabella,Lewis,Student,isabella.lewis191@webster.edu,314-555-7452,Active,
U192,Lucas,Walker,Student,lucas.walker192@webster.edu,314-555-8343,Active,
U193,Harper,Johnson,Student,harper.johnson193@webster.edu,314-555-5151,Active,
U194,Olivia,Green,Faculty,olivia.green194@webster.edu,314-555-9170,Active,
U195,Amelia,Hall,Faculty,amelia.hall195@webster.edu,314-555-1381,Active,
U196,James,Edwards,Student,james.edwards196@webster.edu,314-555-9852,Active,
U197,Elijah,Collins,Student,elijah.collins197@webster.edu,314-555-1295,Active,
U198,Ella,Johnson,Student,ella.johnson198@webster.edu,314-555-5981,Active,
U199,James,Clark,Student,james.clark199@webster.edu,314-555-3954,Active,
U200,Liam,Evans,Student,liam.evans200@webster.edu,314-555-4961,Active,
U201,Sophia,Scott,Student,sophia.scott201@webster.edu,314-555-5008,Active,
U202,Elijah,Adams,Student,elijah.adams202@webster.edu,314-555-6776,Active,
U203,James,Baker,Student,james.baker203@webster.edu,314-555-2436,Active,
U204,Evelyn,Walker,Student,evelyn.walker204@webster.edu,314-555-2777,Active,
U205,Ethan,Hill,Student,ethan.hill205@webster.edu,314-555-9947,Inactive,
U206,Victoria,Baker,Faculty,victoria.baker206@webster.edu,314-555-5484,Active,
U207,Ava,Hill,Student,ava.hill207@webster.edu,314-555-1170,Active,
U208,Emma,Evans,Student,emma.evans208@webster.edu,314-555-4974,Active,
U209,Ethan,Scott,Student,ethan.scott209@webster.edu,314-555-2279,Inactive,
U210,Harper,Martinez,Staff,harper.martinez210@webster.edu,314-555-3980,Active,
U211,Jack,Johnson,Faculty,jack.johnson211@webster.edu,314-555-9521,Active,
U212,Ella,Parker,Student,ella.parker212@webster.edu,314-555-1596,Active,
U213,Logan,Johnson,Faculty,logan.johnson213@webster.edu,314-555-5401,Active,
U214,Olivia,Smith,Student,olivia.smith214@webster.edu,314-555-3650,Active,
U215,Logan,Baker,Student,logan.baker215@webster.edu,314-555-4660,Inactive,
U216,Elijah,Davis,Student,elijah.davis216@webster.edu,314-555-3449,Active,
U217,Grace,Lewis,Student,grace.lewis217@webster.edu,314-555-9274,Active,
U218,Ava,Young,Student,ava.young218@webster.edu,314-555-1634,Active,
U219,Mia,King,Faculty,mia.king219@webster.edu,314-555-7098,Active,
U220,Daniel,Edwards,Student,daniel.edwards220@webster.edu,314-555-5598,Active,
U221,Leo,Hall,Student,leo.hall221@webster.edu,314-555-8518,Active,
U222,Harper,Green,Student,harper.green222@webster.edu,314-555-9107,Active,
U223,Lucas,Edwards,Staff,lucas.edwards223@webster.edu,314-555-9942,Active,
U224,Ava,Baker,Student,ava.baker224@webster.edu,314-555-5348,Inactive,
U225,Aiden,Allen,Faculty,aiden.allen225@webster.edu,314-555-9052,Inactive,
U226,Scarlett,Evans,Student,scarlett.evans226@webster.edu,314-555-4968,Active,
U227,Aiden,Brown,Student,aiden.brown227@webster.edu,314-555-3187,Active,
U228,Elijah,Scott,Student,elijah.scott228@webster.edu,314-555-9581,Active,
U229,Emma,Collins,Student,emma.collins229@webster.edu,314-555-6861,Active,
U230,Grace,Edwards,Staff,grace.edwards230@webster.edu,314-555-9589,Active,
U231,Harper,Clark,Student,harper.clark231@webster.edu,314-555-7298,Active,
U232,Victoria,Allen,Faculty,victoria.allen232@webster.edu,314-555-6799,Active,
U233,Aiden,Nelson,Staff,aiden.nelson233@webster.edu,314-555-2554,Active,
U234,Victoria,Turner,Student,victoria.turner234@webster.edu,314-555-3004,Active,
U235,Olivia,Turner,Student,olivia.turner235@webster.edu,314-555-7148,Active,
U236,Harper,King,Student,harper.king236@webster.edu,314-555-4928,Active,
U237,Harper,Turner,Student,harper.turner237@webster.edu,314-555-8940,Inactive,
U238,Ava,Green,Student,ava.green238@webster.edu,314-555-4204,Inactive,
U239,Ethan,Hall,Student,ethan.hall239@webster.edu,314-555-3341,Active,
U240,Mason,Collins,Student,mason.collins240@webster.edu,314-555-3634,Active,
U241,Evelyn,Baker,Student,evelyn.baker241@webster.edu,314-555-2125,Active,
U242,Mia,Baker,Student,mia.baker242@webster.edu,314-555-6730,Active,
U243,Charlotte,Hall,Student,charlotte.hall243@webster.edu,314-555-4829,Active,
U244,Elijah,Smith,Student,elijah.smith244@webster.edu,314-555-3219,Active,
U245,Isabella,Davis,Student,isabella.davis245@webster.edu,314-555-4882,Active,
U246,Lucas,Nelson,Student,lucas.nelson246@webster.edu,314-555-2447,Active,
U247,Victoria,Collins,Faculty,victoria.collins247@webster.edu,314-555-7651,Active,
U248,Mason,Brown,Student,mason.brown248@webster.edu,314-555-5470,Active,
U249,Nora,Evans,Student,nora.evans249@webster.edu,314-555-2998,Active,
U250,Liam,Lewis,Student,liam.lewis250@webster.edu,314-555-3599,Active,
U251,Mason,Scott,Faculty,mason.scott251@webster.edu,314-555-7356,Inactive,
U252,Sophia,Lewis,Student,sophia.lewis252@webster.edu,314-555-1172,Active,
U253,Charlotte,Davis,Student,charlotte.davis253@webster.edu,314-555-6168,Active,
U254,Evelyn,Clark,Staff,evelyn.clark254@webster.edu,314-555-2394,Active,
U255,Nora,Garcia,Student,nora.garcia255@webster.edu,314-555-9900,Active,
U256,Leo,Martinez,Faculty,leo.martinez256@webster.edu,314-555-7591,Active,
U257,Henry,Evans,Staff,henry.evans257@webster.edu,314-555-7613,Active,
U258,Sophia,Martinez,Student,sophia.martinez258@webster.edu,314-555-7436,Active,
U259,Isabella,Young,Faculty,isabella.young259@webster.edu,314-555-3611,Active,
U260,Jack,Allen,Student,jack.allen260@webster.edu,314-555-8716,Active,
U261,Ava,Collins,Student,ava.collins261@webster.edu,314-555-1074,Active,
U262,Liam,Green,Student,liam.green262@webster.edu,314-555-5544,Active,
U263,Noah,Brown,Student,noah.brown263@webster.edu,314-555-1949,Active,
U264,Mia,Allen,Student,mia.allen264@webster.edu,314-555-4897,Inactive,
U265,Harper,Adams,Faculty,harper.adams265@webster.edu,314-555-8594,Active,
U266,Scarlett,Edwards,Student,scarlett.edwards266@webster.edu,314-555-1280,Active,
U267,Ava,Evans,Student,ava.evans267@webster.edu,314-555-9780,Active,
U268,Jack,Turner,Student,jack.turner268@webster.edu,314-555-7786,Inactive,
U269,James,Evans,Student,james.evans269@webster.edu,314-555-2199,Active,
U270,Isabella,Young,Faculty,isabella.young270@webster.edu,314-555-6893,Active,
U271,Jack,King,Staff,jack.king271@webster.edu,314-555-9950,Active,
U272,Scarlett,Edwards,Student,scarlett.edwards272@webster.edu,314-555-6798,Active,
U273,Isabella,Lewis,Student,isabella.lewis273@webster.edu,314-555-6121,Active,
U274,Scarlett,Johnson,Student,scarlett.johnson274@webster.edu,314-555-7421,Active,
U275,Sophia,Wilson,Student,sophia.wilson275@webster.edu,314-555-4528,Inactive,
U276,Scarlett,Edwards,Student,scarlett.edwards276@webster.edu,314-555-2631,Active,
U277,Leo,Martinez,Staff,leo.martinez277@webster.edu,314-555-8636,Active,
U278,Abigail,Garcia,Student,abigail.garcia278@webster.edu,314-555-6382,Active,
U279,Harper,Smith,Student,harper.smith279@webster.edu,314-555-5571,Active,
U280,Henry,Adams,Student,henry.adams280@webster.edu,314-555-5631,Active,
U281,Noah,Collins,Student,noah.collins281@webster.edu,314-555-7937,Active,
U282,Grace,Garcia,Student,grace.garcia282@webster.edu,314-555-8400,Active,
U283,Ethan,Baker,Student,ethan.baker283@webster.edu,314-555-8164,Active,
U284,Harper,Clark,Staff,harper.clark284@webster.edu,314-555-1690,Active,
U285,Charlotte,Lewis,Student,charlotte.lewis285@webster.edu,314-555-1616,Active,
U286,Nora,King,Faculty,nora.king286@webster.edu,314-555-8274,Active,
U287,Nora,Parker,Student,nora.parker287@webster.edu,314-555-8056,Active,
U288,Jack,Davis,Faculty,jack.davis288@webster.edu,314-555-4770,Active,
U289,Noah,Evans,Student,noah.evans289@webster.edu,314-555-9534,Active,
U290,Ella,Green,Student,ella.green290@webster.edu,314-555-2555,Active,
U291,Amelia,Scott,Student,amelia.scott291@webster.edu,314-555-6389,Active,
U292,Elijah,Brown,Faculty,elijah.brown292@webster.edu,314-555-1184,Active,
U293,Lucas,Allen,Student,lucas.allen293@webster.edu,314-555-9968,Inactive,
U294,Ethan,Nelson,Student,ethan.nelson294@webster.edu,314-555-9464,Active,
U295,Liam,Johnson,Student,liam.johnson295@webster.edu,314-555-1161,Active,
U296,Mia,Allen,Staff,mia.allen296@webster.edu,314-555-1155,Active,
U297,Evelyn,Baker,Student,evelyn.baker297@webster.edu,314-555-1768,Active,
U298,Logan,Edwards,Faculty,logan.edwards298@webster.edu,314-555-2051,Active,
U299,Victoria,Parker,Student,victoria.parker299@webster.edu,314-555-9096,Inactive,
U300,Abigail,Adams,Student,abigail.adams300@webster.edu,314-555-3229,Active,
